{
    "train_loss": [
        1.8577150905223758,
        1.710890479709791,
        1.639343226047428,
        1.6044349243573826,
        1.5752501164555854,
        1.5510777655769796,
        1.5299181191207807,
        1.508541327608211,
        1.4961194080464981,
        1.4768306584004551,
        1.4660849562081535,
        1.460772221350609,
        1.4456478851225676,
        1.4399521820380559,
        1.4309737761612134,
        1.4239777421097621
    ],
    "val_loss": [
        1.8573362721672542,
        1.8000510312333893,
        1.7507511422603945,
        1.671232071103929,
        1.6338667447053934,
        1.7775165597094764,
        1.6050957018816019,
        1.6633622072920013,
        1.558408005328118,
        1.5772931002363373,
        1.6915227174758911,
        1.8908681658249866,
        1.593959079513067,
        1.5483315836025189,
        1.728514867492869,
        1.5878172313110739
    ],
    "val_accuracy": [
        0.321,
        0.3474,
        0.3592,
        0.3963,
        0.4064,
        0.39,
        0.4316,
        0.4036,
        0.4495,
        0.444,
        0.406,
        0.3787,
        0.4217,
        0.4521,
        0.4103,
        0.4445
    ],
    "pruning_stats": {},
    "complexity_stats": {},
    "attention_stats": {},
    "expansion_stats": {}
}